original_filename,version,roadmap_type,priority_rank,role,field,status,sha256,duplicate_of,pages,parse_status,note
중소기업 전략기술로드맵(2026-2028)_01 AI_01 통합보고서.pdf,2026-2028,general,2,primary,AI,수령,310a69419d3f28b8881492602f380aa76f347239be448c1172eff044d0aa448e,,264,parsed:repaired,품목 30·요소기술 122; 요약표 일치 O; TRL 원문 공란 1건; 좌표기반 텍스트 복원
중소기업 전략기술로드맵(2026-2028)_02 바이오 의료_01 통합보고서.pdf,2026-2028,general,2,primary,바이오 의료,수령,d0d4f4c8380ef968112de4e259e9b02c9f5523ca874613789d0ea6d6ca217684,,279,parsed:plain,품목 27·요소기술 109; 요약표 일치 O
중소기업 전략기술로드맵(2026-2028)_03 반도체·디스플레이_01 통합보고서.pdf,2026-2028,general,2,primary,반도체·디스플레이,수령,bd26a12073c65ac76156f9a89cbd15989f963123a028187c01eeed57fc6621d3,,212,parsed:repaired,품목 27·요소기술 101; 요약표 일치 O; 좌표기반 텍스트 복원
중소기업 전략기술로드맵(2026-2028)_04 차세대통신_01 통합보고서.pdf,2026-2028,general,2,primary,차세대통신,수령,ef0dfa199fff60ca19f6ef54952e816c5aef4e26054852e0cde7578a0a1c5896,,177,parsed:plain,품목 15·요소기술 53; 요약표 일치 O
중소기업 전략기술로드맵(2026-2028)_05 첨단소재_01 통합보고서.pdf,2026-2028,general,2,primary,첨단소재,수령,c458d848e0a1493da69ff369373687a11c0eea79d0e077d5d7283072eafa779f,,287,parsed:plain,품목 25·요소기술 108; 요약표 일치 O
중소기업 전략기술로드맵(2026~2028)_06 첨단제조_01 통합보고서.pdf,2026-2028,general,2,primary,첨단제조,수령,40a0ed7d69ec2a1af6b6493fec42b5b745d0d7af346dd8e0525a9b2ef74a0b1b,,181,parsed:plain,품목 18·요소기술 75; 요약표 일치 O
중소기업 전략기술로드맵(2026~2028)_07 로봇_01 통합보고서.pdf,2026-2028,general,2,primary,로봇,수령,7ee8c773435eb342ee8f8e188fa78598303c2d55149091b15948e83237070df0,,230,parsed:repaired,품목 18·요소기술 79; 요약표 일치 O; 좌표기반 텍스트 복원
중소기업 전략기술로드맵(2026-2028)_08 첨단 모빌리티 분야_01 통합보고서.pdf,2026-2028,general,2,primary,첨단 모빌리티 분야,수령,ad8881fcb119ab1cd18cacc319c16fed3d8affe3004275797fe69e78486f8b97,,250,parsed:repaired,품목 28·요소기술 124; 요약표 일치 O; TRL 원문 공란 1건; 좌표기반 텍스트 복원
중소기업 전략기술로드맵(2026-2028)_09 기후 에너지_01 통합보고서.pdf,2026-2028,general,2,primary,기후 에너지,수령,759bfb1ca5e0a379e66cdb2a18d3c989b3df08716e2da90ad261a3a6daabf480,,234,parsed:plain,품목 22·요소기술 91; 요약표 일치 O
중소기업 전략기술로드맵(2026-2028)_10 이차전지_01 통합보고서.pdf,2026-2028,general,2,primary,이차전지,수령,a866397262c0c193bb62ac75048429aac539e9e2bf430617c01e154f75586b12,,174,parsed:plain,품목 16·요소기술 64; 요약표 일치 O
중소기업 전략기술로드맵(2026-2028)_11 사이버보안_01 통합보고서.pdf,2026-2028,general,2,primary,사이버보안,수령,6a6263325ba7f14a6ad0514db9d1a5c701f4a023660f67200c7327de2239289f,,177,parsed:repaired,품목 15·요소기술 67; 요약표 일치 O; 좌표기반 텍스트 복원
중소기업 전략기술로드맵(2026-2028)_12 양자_01 통합보고서.pdf,2026-2028,general,2,primary,양자,수령,e327e2f04bcdf8df32802430d8f78e8089526eb546db040f3ebe67db9e1a365a,,232,parsed:repaired,품목 17·요소기술 58; 요약표 일치 O; 좌표기반 텍스트 복원
중소기업 전략기술로드맵(2026-2028)_13 우주_01 통합보고서.pdf,2026-2028,general,2,primary,우주,수령,8a72d586e7cd8860d4e0e7580c7676cce6d23bfabf064c093c7e7d21701a36ae,,174,parsed:plain,품목 14·요소기술 52; 요약표 일치 O
20260319_보고서_스마트제조 전략기술로드맵(2026~2028).pdf,2026-2028,specialized,1,primary,스마트제조,수령,8b99406d16513200edcb14076f8c182a47cb474998c3d4a77f39444219926347,,501,parsed:repaired,품목 49·요소기술 151; 요약표 없음 → 품목코드 순번 연속 확인; 좌표기반 텍스트 복원
20260319_보고서_화장품 전략기술로드맵(2026~2028)_더비엔아이(최종검수본).pdf,2026-2028,specialized,1,primary,화장품,수령,874524988baaf125fb1218158d9be2e39293d8f52dfbd548fc33d4196e42f9ef,,246,parsed:plain,품목 39·요소기술 153; 요약표 일치 O
원전 중소기업 특화 기술로드맵(2023-2027).pdf,2023-2027,specialized,5,primary,원전,수령,fd8932fb0984e5294d0e95757558d67e814df7eb5800cca6e5514904135d871e,,74,parsed:plain,품목 40·요소기술 180; 원문 요약(4개 분야·40개 품목·180개 핵심기술) 일치; 원문에 TRL 없음; 핵심기술 정의 143건 연결
260306_소부장로드맵 전략품목 정의서_최종.pdf,2026,sobujang_definition,3,primary,소재·부품·장비,수령,0548e209fc6d9afd62e3d7fb8b7ea9d594c2f85ef453b2d63968b3abba50721d,,175,parsed:repaired,품목 137·요소기술 442; 분야별 전략품목 목록과 일치(9/9); TRL 범위·소요기간 원문 표기; 공식 품목코드 없음(원문 순번 사용); 좌표기반 텍스트 복원
"01. 우주(위성체, 발사체)_01 통합보고서_250513.pdf",2025-2027,general,4,crosswalk,"우주(위성체, 발사체)",수령,fd32148abfd9dcb9f8c5fa5f2b9f303aa9c083fe0dd7a97092aaa8f4bcaf635f,,416,parsed:plain,품목 14·요소기술 50; 연차별 목표 TRL; 정의서·기술정의서 번호 대조 일치
02. 첨단항공_01 통합보고서_250116.pdf,2025-2027,general,4,crosswalk,첨단항공,수령,c73466f26c521a912ee847d8be2683f38edea4b21763c281a36c221a1dae5f9d,,250,parsed:plain,품목 5·요소기술 15; 연차별 목표 TRL; 목차 대조 일치
03. AI_01 통합보고서_250116.pdf,2025-2027,general,4,crosswalk,AI,수령,47e01117419140774be8fdf50fa3c1053b8adc35ad5e652da981f8cd73744c0f,,268,parsed:repaired,품목 4·요소기술 15; 연차별 목표 TRL; 정의서·기술정의서 번호 대조 일치; 좌표기반 텍스트 복원
04. 바이오_01 통합보고서_250116.pdf,2025-2027,general,4,crosswalk,바이오,수령,b57d8de8668c0dbe0cc95f71d4e66198a3631086fb04c3fade22798b7fda6c2d,,307,parsed:plain,품목 5·요소기술 18; 연차별 목표 TRL; 목차 대조 일치
05. 시스템반도체_01 통합보고서_250116.pdf,2025-2027,general,4,crosswalk,시스템반도체,수령,e225ced2102d364911135475cc53e7a18c41b22ca030dfecc257330ae0dc4743,,384,parsed:plain,품목 6·요소기술 21; 연차별 목표 TRL; 목차 대조 일치
06. 차세대이동통신_01 통합보고서_250116.pdf,2025-2027,general,4,crosswalk,차세대이동통신,수령,529fe3b1ced974402cd7fd491b227418ada00fd262fb1d070987a82367a63e45,,386,parsed:plain,품목 6·요소기술 18; 연차별 목표 TRL; 목차 대조 일치
07. 자율주행차_01 통합보고서_250116.pdf,2025-2027,general,4,crosswalk,자율주행차,수령,76bc16301661a1aa72a6ffddc14e8609aa5d76ffe6c32771600912ab3de625fd,,384,parsed:repaired,품목 7·요소기술 23; 연차별 목표 TRL; 정의서·기술정의서 번호 대조 일치; 좌표기반 텍스트 복원
08. 지능형로봇_01 통합보고서_250116.pdf,2025-2027,general,4,crosswalk,지능형로봇,수령,06f7a1d6b89ac9c1cad9a20069cace67e5f4ae81d7616430e9b7088d10a7a5d9,,324,parsed:plain,품목 6·요소기술 18; 연차별 목표 TRL; 목차 대조 일치
09. 미래형선박_01 통합보고서_250116.pdf,2025-2027,general,4,crosswalk,미래형선박,수령,f2eff3ec3df6bdcd2320da7d8eb093e9927ce2cfeca55bbdb7eb5ad5ccffb3a7,,232,parsed:plain,품목 4·요소기술 16; 연차별 목표 TRL; 목차 대조 일치
10. 청정연료_01 통합보고서_250116.pdf,2025-2027,general,4,crosswalk,청정연료,수령,a2fbd5d3b7575c361019db3fbb1ed99c8b04b096d57c0d49e516cae0e226a663,,409,parsed:repaired,품목 8·요소기술 24; 연차별 목표 TRL; 정의서·기술정의서 번호 대조 일치; 좌표기반 텍스트 복원
11. 신재생에너지_01 통합보고서_250318.pdf,2025-2027,general,4,crosswalk,신재생에너지,수령,d3287f4eceeca5da4814d6d9cb6a4cf35738db980e26c521f69c9e0ef28c79de,,406,parsed:repaired,품목 7·요소기술 16; 연차별 목표 TRL; 정의서·기술정의서 번호 대조 일치; 좌표기반 텍스트 복원
12. 이차전지_01 통합보고서_250317.pdf,2025-2027,general,4,crosswalk,이차전지,수령,d74db0f0632d71534ac79ff75eed78919a6d948bed35652f9fedf80c5d97fdf4,,394,parsed:plain,품목 8·요소기술 23; 연차별 목표 TRL; 목차 대조 일치
13. 친환경자동차_01 통합보고서_250116.pdf,2025-2027,general,4,crosswalk,친환경자동차,수령,3d717d94fbcade1fa8174d3890e5cbf9425c758c24295eee1e6fc0d11458fb35,,275,parsed:plain,품목 5·요소기술 26; 연차별 목표 TRL(원문 미기재 1건); 목차 대조 일치
14. 친환경 공정전환_01 통합보고서_250116.pdf,2025-2027,general,4,crosswalk,친환경 공정전환,수령,bfb72f690e8f7500724501e3e7dde3e7df6d945d1dc6450e9ffeac4f225b5879,,378,parsed:plain,품목 8·요소기술 24; 연차별 목표 TRL; 목차 대조 일치
15. 자원재활용_01 통합보고서_250318.pdf,2025-2027,general,4,crosswalk,자원재활용,수령,3127ee9b9874331100251c5f4ee3ad1c97de7af0d373fd0c3de757d9dac4fa6d,,176,parsed:repaired,품목 3·요소기술 9; 연차별 목표 TRL; 정의서·기술정의서 번호 대조 일치; 좌표기반 텍스트 복원
16. 에너지재활용_01 통합보고서_250116.pdf,2025-2027,general,4,crosswalk,에너지재활용,수령,d6c28cca69eadb32a84271933e2faa4397c88d2f368e44b1e05c33d3694a6ed5,,161,parsed:plain,품목 3·요소기술 9; 연차별 목표 TRL; 목차 대조 일치
17. CCUS_01 통합보고서_250116.pdf,2025-2027,general,4,crosswalk,CCUS,수령,c401d298c41717b8f6b101e52b0c3ea6aa7902c5b4ce3c90f43eee2424d91f36,,272,parsed:plain,품목 5·요소기술 16; 연차별 목표 TRL; 목차 대조 일치
18. 반도체장비_01 통합보고서_250414.pdf,2025-2027,general,4,crosswalk,반도체장비,수령,f50f08af5adb9df4b5060db40f215b885918d7224018be51b3838dcc0c6b44ea,,447,parsed:plain,품목 9·요소기술 31; 연차별 목표 TRL; 목차 대조 일치
19. 디스플레이장비_01 통합보고서_250116.pdf,2025-2027,general,4,crosswalk,디스플레이장비,수령,15dcef22bbc67c11d8250e2b9552a527c599bde13026aa43241ee8350e446cac,,230,parsed:plain,품목 4·요소기술 8; 연차별 목표 TRL; 목차 대조 일치
20. 전기전자부품_01 통합보고서_250116.pdf,2025-2027,general,4,crosswalk,전기전자부품,수령,2b60de0eed66f9e5a12f1844ade36e748569cc31afd7503d2d6f7bb289e96cfa,,330,parsed:repaired,품목 6·요소기술 23; 연차별 목표 TRL; 정의서·기술정의서 번호 대조 일치; 좌표기반 텍스트 복원
21. 산업용기계_01 통합보고서_250116.pdf,2025-2027,general,4,crosswalk,산업용기계,수령,bed8d9da34ec66180478cf791d70dccbe29b84807aa3f5cc68121c8c373c9b12,,242,parsed:plain,품목 4·요소기술 15; 연차별 목표 TRL; 목차 대조 일치
22. 금속소재 및 성형가공_01 통합보고서_250116.pdf,2025-2027,general,4,crosswalk,금속소재 및 성형가공,수령,432da5607524c61be06b21efe2b83f2d1c81e343c941545cc2f3301b609057c2,,303,parsed:plain,품목 5·요소기술 16; 연차별 목표 TRL; 목차 대조 일치
23. 의료기기_01 통합보고서_250116.pdf,2025-2027,general,4,crosswalk,의료기기,수령,821b598cd6ee4969adaf8b8622543d33a9c17d926624ec1c5ebb3ab17077d9b3,,310,parsed:plain,품목 5·요소기술 20; 연차별 목표 TRL; 목차 대조 일치
24. 섬유_01 통합보고서_250116.pdf,2025-2027,general,4,crosswalk,섬유,수령,b4cf38cce2f217570a4ac0148bb3b89625f1d8a61ce79938d9efaecfc1763346,,311,parsed:plain,품목 5·요소기술 15; 연차별 목표 TRL; 목차 대조 일치
25. 유기복합소재_01 통합보고서_250116.pdf,2025-2027,general,4,crosswalk,유기복합소재,수령,5e70ac15648e509dbe7a097d0da59444977754c363c3f57522a101b26d3212d9,,315,parsed:plain,품목 5·요소기술 16; 연차별 목표 TRL; 목차 대조 일치
26. 기능성식품_01 통합보고서_250116.pdf,2025-2027,general,4,crosswalk,기능성식품,수령,90b17fdbfbd9da2e11cd9056d2a3b72bb6362c1256530d5e88efaa0cf2445a5f,,388,parsed:plain,품목 6·요소기술 21; 연차별 목표 TRL; 목차 대조 일치
27. 세라믹_01 통합보고서_250116.pdf,2025-2027,general,4,crosswalk,세라믹,수령,5b273c12e466944e0930647c7f043001405a755b9ba22845aab17a9a96fcf6c1,,357,parsed:repaired,품목 6·요소기술 19; 연차별 목표 TRL; 정의서·기술정의서 번호 대조 일치; 좌표기반 텍스트 복원
28. 재난안전_01 통합보고서_250116.pdf,2025-2027,general,4,crosswalk,재난안전,수령,2087b7d1111f209e008e1c7e718ac78e2db566ba707a8ba637bed84fba40bf3d,,311,parsed:repaired,품목 5·요소기술 15; 연차별 목표 TRL; 정의서·기술정의서 번호 대조 일치; 좌표기반 텍스트 복원
29 - 33. 서비스R&D_01 통합보고서_250413.pdf,2025-2027,general,4,crosswalk,서비스R&D,수령,3d6fd19c11de3e3633513bc06c54790f48757bc1088451ce9030d3bc75e6afd8,,790,parsed:repaired,품목 22·요소기술 88; 연차별 목표 TRL(원문 미기재 51건); 정의서·기술정의서 번호 대조 일치; 좌표기반 텍스트 복원
34. 스마트홈_01 통합보고서_250116.pdf,2025-2027,general,4,crosswalk,스마트홈,수령,d0d29fb19fd478aa58c6c7a48fcd7adc10d1ce24260ba945358f91047f77742c,,359,parsed:plain,품목 6·요소기술 20; 연차별 목표 TRL; 목차 대조 일치
35. 스마트제조_01 통합보고서_250116.pdf,2025-2027,general,4,crosswalk,스마트제조,수령,0821cc0143368473d99248002b725077838f0ecf112128ff0226dbce72a25b72,,269,parsed:plain,품목 4·요소기술 14; 연차별 목표 TRL; 목차 대조 일치
36. 스마트시티_01 통합보고서_250116.pdf,2025-2027,general,4,crosswalk,스마트시티,수령,3222ff7d3889e0d66155f318324d6e7009d99c33f65f1865215f77689bd1ad16,,315,parsed:plain,품목 5·요소기술 15; 연차별 목표 TRL; 목차 대조 일치
37. 디지털콘텐츠_01 통합보고서_250116.pdf,2025-2027,general,4,crosswalk,디지털콘텐츠,수령,fc562d5261c23087840476bb07635d1eaaa223ed0d63dcb1e2827e8813936e3a,,274,parsed:plain,품목 4·요소기술 13; 연차별 목표 TRL; 목차 대조 일치
38. 사이버보안_01 통합보고서_250116.pdf,2025-2027,general,4,crosswalk,사이버보안,수령,e852c50451f884d6ed1a61604573437985e73635bed5c63e82d6ffb5591af218,,326,parsed:plain,품목 6·요소기술 23; 연차별 목표 TRL; 목차 대조 일치
39. 서비스플랫폼_01 통합보고서_250318.pdf,2025-2027,general,4,crosswalk,서비스플랫폼,수령,c866ee4753014a9b933bbf71e842800c644f44eae4cfffb74f76b8fbb3195462,,427,parsed:plain,품목 7·요소기술 23; 연차별 목표 TRL; 목차 대조 일치
중소기업 전략기술로드맵(2026-2028)_10 이차전지_01 통합보고서 (1).pdf,2026-2028,general,2,duplicate,이차전지,중복,a866397262c0c193bb62ac75048429aac539e9e2bf430617c01e154f75586b12,중소기업 전략기술로드맵(2026-2028)_10 이차전지_01 통합보고서.pdf,,skipped,"동일 sha256 사본, 파싱 제외"
